{
  "PH_SLOPE": -0.0169,
  "PH_OFFSET": 7.0,
  "CENTER_VOLTAGE": 0.306,
  "V_REF": 3.3,
  "ADC_MAX": 4095.0,
  "PH_4_VOLTAGE": 0.498586,
  "PH_7_VOLTAGE": 0.370636,
  "PH_10_VOLTAGE": 0.24196
}